experiment,basis,distance,rounds,center_row,center_col,shots,actual_flip_rate,pymatching_error_rate,correlated_matching_error_rate,belief_matching_error_rate,tensor_network_error_rate
surface_code_bX_d3_r01_center_3_5,X,3,1,3,5,50000,0.0794,0.01588,0.01584,0.01622,0.01608
surface_code_bX_d3_r01_center_5_3,X,3,1,5,3,50000,0.09232,0.0184,0.0184,0.01904,0.01774
surface_code_bX_d3_r01_center_5_7,X,3,1,5,7,50000,0.07876,0.01646,0.0165,0.01636,0.01628
surface_code_bX_d3_r01_center_7_5,X,3,1,7,5,50000,0.08636,0.01702,0.01702,0.01702,0.01638
surface_code_bX_d3_r03_center_3_5,X,3,3,3,5,50000,0.19874,0.09056,0.08532,0.07996,0.0763
surface_code_bX_d3_r03_center_5_3,X,3,3,5,3,50000,0.23098,0.09118,0.08382,0.07942,0.0758
surface_code_bX_d3_r03_center_5_7,X,3,3,5,7,50000,0.20854,0.08628,0.08142,0.0728,0.06944
surface_code_bX_d3_r03_center_7_5,X,3,3,7,5,50000,0.21152,0.09186,0.08446,0.07834,0.0764
surface_code_bX_d3_r05_center_3_5,X,3,5,3,5,50000,0.28144,0.1565,0.14568,0.1304,0.12778
surface_code_bX_d3_r05_center_5_3,X,3,5,5,3,50000,0.3159,0.16306,0.14726,0.13836,0.13278
surface_code_bX_d3_r05_center_5_7,X,3,5,5,7,50000,0.30106,0.14738,0.13348,0.12038,0.11506
surface_code_bX_d3_r05_center_7_5,X,3,5,7,5,50000,0.31228,0.1569,0.14348,0.13198,0.12774
surface_code_bX_d3_r07_center_3_5,X,3,7,3,5,50000,0.34724,0.21394,0.198,0.17982,0.17424
surface_code_bX_d3_r07_center_5_3,X,3,7,5,3,50000,0.37658,0.21694,0.1985,0.1841,0.17696
surface_code_bX_d3_r07_center_5_7,X,3,7,5,7,50000,0.34912,0.19444,0.17832,0.15798,0.15028
surface_code_bX_d3_r07_center_7_5,X,3,7,7,5,50000,0.37762,0.21434,0.19746,0.18212,0.1776
surface_code_bX_d3_r09_center_3_5,X,3,9,3,5,50000,0.386,0.25948,0.24174,0.2164,0.21158
surface_code_bX_d3_r09_center_5_3,X,3,9,5,3,50000,0.41718,0.25872,0.23676,0.2235,0.21552
surface_code_bX_d3_r09_center_5_7,X,3,9,5,7,50000,0.3849,0.24124,0.2196,0.19588,0.18604
surface_code_bX_d3_r09_center_7_5,X,3,9,7,5,50000,0.40976,0.25272,0.22984,0.21408,0.2098
surface_code_bX_d3_r11_center_3_5,X,3,11,3,5,50000,0.41784,0.2957,0.28062,0.25672,0.25074
surface_code_bX_d3_r11_center_5_3,X,3,11,5,3,50000,0.44546,0.29884,0.27618,0.25632,0.2492
surface_code_bX_d3_r11_center_5_7,X,3,11,5,7,50000,0.42268,0.28012,0.25714,0.23454,0.22266
surface_code_bX_d3_r11_center_7_5,X,3,11,7,5,50000,0.43694,0.28902,0.26498,0.24802,0.24484
surface_code_bX_d3_r13_center_3_5,X,3,13,3,5,50000,0.4429,0.3271,0.30702,0.2834,0.27938
surface_code_bX_d3_r13_center_5_3,X,3,13,5,3,50000,0.45868,0.32808,0.30572,0.28912,0.28158
surface_code_bX_d3_r13_center_5_7,X,3,13,5,7,50000,0.45046,0.31478,0.29452,0.26772,0.25814
surface_code_bX_d3_r13_center_7_5,X,3,13,7,5,50000,0.45752,0.3224,0.30192,0.27562,0.27132
surface_code_bX_d3_r15_center_3_5,X,3,15,3,5,50000,0.4563,0.35814,0.33956,0.31632,0.31074
surface_code_bX_d3_r15_center_5_3,X,3,15,5,3,50000,0.4766,0.36086,0.33856,0.3182,0.31358
surface_code_bX_d3_r15_center_5_7,X,3,15,5,7,50000,0.4674,0.35188,0.32976,0.30046,0.28818
surface_code_bX_d3_r15_center_7_5,X,3,15,7,5,50000,0.47004,0.34112,0.3166,0.29162,0.28682
surface_code_bX_d3_r17_center_3_5,X,3,17,3,5,50000,0.47072,0.37778,0.36018,0.3369,0.33252
surface_code_bX_d3_r17_center_5_3,X,3,17,5,3,50000,0.47866,0.3874,0.3639,0.34006,0.33596
surface_code_bX_d3_r17_center_5_7,X,3,17,5,7,50000,0.47184,0.37936,0.35302,0.32716,0.3135
surface_code_bX_d3_r17_center_7_5,X,3,17,7,5,50000,0.4779,0.36644,0.34352,0.3222,0.31774
surface_code_bX_d3_r19_center_3_5,X,3,19,3,5,50000,0.47816,0.39584,0.38338,0.35348,0.35168
surface_code_bX_d3_r19_center_5_3,X,3,19,5,3,50000,0.48844,0.40284,0.38376,0.3655,0.35988
surface_code_bX_d3_r19_center_5_7,X,3,19,5,7,50000,0.48716,0.3851,0.36138,0.3398,0.3287
surface_code_bX_d3_r19_center_7_5,X,3,19,7,5,50000,0.48606,0.38872,0.369,0.34564,0.34126
surface_code_bX_d3_r21_center_3_5,X,3,21,3,5,50000,0.48508,0.41098,0.39408,0.37352,0.37018
surface_code_bX_d3_r21_center_5_3,X,3,21,5,3,50000,0.49346,0.41338,0.39186,0.37334,0.37156
surface_code_bX_d3_r21_center_5_7,X,3,21,5,7,50000,0.48556,0.41024,0.38976,0.36702,0.35778
surface_code_bX_d3_r21_center_7_5,X,3,21,7,5,50000,0.48844,0.40366,0.3842,0.36156,0.35728
surface_code_bX_d3_r23_center_3_5,X,3,23,3,5,50000,0.48626,0.42392,0.40862,0.38716,0.38462
surface_code_bX_d3_r23_center_5_3,X,3,23,5,3,50000,0.49566,0.43564,0.41592,0.39926,0.39568
surface_code_bX_d3_r23_center_5_7,X,3,23,5,7,50000,0.48922,0.42116,0.39862,0.37736,0.36958
surface_code_bX_d3_r23_center_7_5,X,3,23,7,5,50000,0.49394,0.41734,0.39914,0.37686,0.37648
surface_code_bX_d3_r25_center_3_5,X,3,25,3,5,50000,0.49034,0.43416,0.41942,0.4025,0.40228
surface_code_bX_d3_r25_center_5_3,X,3,25,5,3,50000,0.4958,0.44318,0.42518,0.41592,0.41304
surface_code_bX_d3_r25_center_5_7,X,3,25,5,7,50000,0.49456,0.43064,0.41824,0.39196,0.38392
surface_code_bX_d3_r25_center_7_5,X,3,25,7,5,50000,0.49154,0.42994,0.41296,0.38836,0.38872
surface_code_bX_d5_r01_center_5_5,X,5,1,5,5,50000,0.14296,0.00898,0.00894,0.00894,0.00852
surface_code_bX_d5_r03_center_5_5,X,5,3,5,5,50000,0.31256,0.08164,0.07054,0.06132,0.05588
surface_code_bX_d5_r05_center_5_5,X,5,5,5,5,50000,0.40766,0.14824,0.13008,0.11304,0.10784
surface_code_bX_d5_r07_center_5_5,X,5,7,5,5,50000,0.45326,0.21286,0.18504,0.16072,0.1539
surface_code_bX_d5_r09_center_5_5,X,5,9,5,5,50000,0.4766,0.26042,0.22608,0.20318,0.19208
surface_code_bX_d5_r11_center_5_5,X,5,11,5,5,50000,0.48666,0.30512,0.26798,0.2425,0.23238
surface_code_bX_d5_r13_center_5_5,X,5,13,5,5,50000,0.49146,0.32894,0.29594,0.26364,0.25186
surface_code_bX_d5_r15_center_5_5,X,5,15,5,5,50000,0.49358,0.36292,0.33034,0.29728,0.28904
surface_code_bX_d5_r17_center_5_5,X,5,17,5,5,50000,0.49478,0.38414,0.35114,0.32114,0.31108
surface_code_bX_d5_r19_center_5_5,X,5,19,5,5,50000,0.50082,0.41024,0.38082,0.35032,0.34294
surface_code_bX_d5_r21_center_5_5,X,5,21,5,5,50000,0.49906,0.41996,0.39046,0.36338,0.35152
surface_code_bX_d5_r23_center_5_5,X,5,23,5,5,50000,0.50006,0.43888,0.41126,0.38384,0.3738
surface_code_bX_d5_r25_center_5_5,X,5,25,5,5,50000,0.5,0.45102,0.42566,0.40148,0.3955
surface_code_bZ_d3_r01_center_3_5,Z,3,1,3,5,50000,0.085,0.01638,0.01638,0.01642,0.01638
surface_code_bZ_d3_r01_center_5_3,Z,3,1,5,3,50000,0.07678,0.01704,0.01704,0.0172,0.0162
surface_code_bZ_d3_r01_center_5_7,Z,3,1,5,7,50000,0.08684,0.01704,0.01698,0.01658,0.0165
surface_code_bZ_d3_r01_center_7_5,Z,3,1,7,5,50000,0.09278,0.01886,0.01886,0.01904,0.0182
surface_code_bZ_d3_r03_center_3_5,Z,3,3,3,5,50000,0.20904,0.09166,0.08656,0.07854,0.07686
surface_code_bZ_d3_r03_center_5_3,Z,3,3,5,3,50000,0.19118,0.08982,0.08542,0.0788,0.07504
surface_code_bZ_d3_r03_center_5_7,Z,3,3,5,7,50000,0.23526,0.09426,0.08618,0.08102,0.07816
surface_code_bZ_d3_r03_center_7_5,Z,3,3,7,5,50000,0.24016,0.08014,0.0738,0.06924,0.0679
surface_code_bZ_d3_r05_center_3_5,Z,3,5,3,5,50000,0.28896,0.15144,0.14044,0.12666,0.12488
surface_code_bZ_d3_r05_center_5_3,Z,3,5,5,3,50000,0.27808,0.15324,0.14122,0.13258,0.1292
surface_code_bZ_d3_r05_center_5_7,Z,3,5,5,7,50000,0.32832,0.15356,0.1372,0.12462,0.11904
surface_code_bZ_d3_r05_center_7_5,Z,3,5,7,5,50000,0.33222,0.15776,0.14076,0.13138,0.12482
surface_code_bZ_d3_r07_center_3_5,Z,3,7,3,5,50000,0.36636,0.21896,0.19932,0.18514,0.17948
surface_code_bZ_d3_r07_center_5_3,Z,3,7,5,3,50000,0.33862,0.2067,0.18756,0.17484,0.16884
surface_code_bZ_d3_r07_center_5_7,Z,3,7,5,7,50000,0.3881,0.2067,0.1826,0.16674,0.16246
surface_code_bZ_d3_r07_center_7_5,Z,3,7,7,5,50000,0.38844,0.19018,0.17406,0.1581,0.15186
surface_code_bZ_d3_r09_center_3_5,Z,3,9,3,5,50000,0.40048,0.2575,0.23748,0.21916,0.21608
surface_code_bZ_d3_r09_center_5_3,Z,3,9,5,3,50000,0.37984,0.25104,0.22872,0.21594,0.20622
surface_code_bZ_d3_r09_center_5_7,Z,3,9,5,7,50000,0.4324,0.24946,0.22298,0.20602,0.19938
surface_code_bZ_d3_r09_center_7_5,Z,3,9,7,5,50000,0.42816,0.23106,0.21344,0.19752,0.18948
surface_code_bZ_d3_r11_center_3_5,Z,3,11,3,5,50000,0.429,0.29764,0.2729,0.25632,0.25336
surface_code_bZ_d3_r11_center_5_3,Z,3,11,5,3,50000,0.40648,0.28432,0.26024,0.24664,0.2376
surface_code_bZ_d3_r11_center_5_7,Z,3,11,5,7,50000,0.45458,0.29106,0.26042,0.24254,0.2374
surface_code_bZ_d3_r11_center_7_5,Z,3,11,7,5,50000,0.45204,0.25798,0.23942,0.22348,0.21452
surface_code_bZ_d3_r13_center_3_5,Z,3,13,3,5,50000,0.44548,0.32922,0.30284,0.28424,0.28296
surface_code_bZ_d3_r13_center_5_3,Z,3,13,5,3,50000,0.43478,0.32518,0.2985,0.28368,0.26964
surface_code_bZ_d3_r13_center_5_7,Z,3,13,5,7,50000,0.4751,0.32666,0.29634,0.27464,0.26692
surface_code_bZ_d3_r13_center_7_5,Z,3,13,7,5,50000,0.46874,0.31464,0.28822,0.2707,0.26274
surface_code_bZ_d3_r15_center_3_5,Z,3,15,3,5,50000,0.45754,0.35348,0.3323,0.31262,0.31108
surface_code_bZ_d3_r15_center_5_3,Z,3,15,5,3,50000,0.45052,0.35134,0.32294,0.31038,0.29748
surface_code_bZ_d3_r15_center_5_7,Z,3,15,5,7,50000,0.48222,0.35442,0.32462,0.30624,0.29772
surface_code_bZ_d3_r15_center_7_5,Z,3,15,7,5,50000,0.4787,0.33154,0.30402,0.28654,0.28246
surface_code_bZ_d3_r17_center_3_5,Z,3,17,3,5,50000,0.46842,0.38476,0.3607,0.34342,0.33992
surface_code_bZ_d3_r17_center_5_3,Z,3,17,5,3,50000,0.46234,0.37056,0.34508,0.32986,0.3193
surface_code_bZ_d3_r17_center_5_7,Z,3,17,5,7,50000,0.4921,0.3915,0.36358,0.34144,0.33346
surface_code_bZ_d3_r17_center_7_5,Z,3,17,7,5,50000,0.48528,0.35802,0.3301,0.31426,0.30656
surface_code_bZ_d3_r19_center_3_5,Z,3,19,3,5,50000,0.47904,0.39144,0.37124,0.3535,0.35438
surface_code_bZ_d3_r19_center_5_3,Z,3,19,5,3,50000,0.47336,0.38562,0.35904,0.34558,0.33346
surface_code_bZ_d3_r19_center_5_7,Z,3,19,5,7,50000,0.48832,0.38992,0.3591,0.33716,0.3304
surface_code_bZ_d3_r19_center_7_5,Z,3,19,7,5,50000,0.494,0.39242,0.36736,0.35228,0.34452
surface_code_bZ_d3_r21_center_3_5,Z,3,21,3,5,50000,0.48424,0.41634,0.3935,0.3783,0.37804
surface_code_bZ_d3_r21_center_5_3,Z,3,21,5,3,50000,0.47856,0.40822,0.38408,0.3748,0.36416
surface_code_bZ_d3_r21_center_5_7,Z,3,21,5,7,50000,0.49536,0.41866,0.39146,0.37306,0.36868
surface_code_bZ_d3_r21_center_7_5,Z,3,21,7,5,50000,0.49536,0.40832,0.38506,0.36578,0.3616
surface_code_bZ_d3_r23_center_3_5,Z,3,23,3,5,50000,0.4939,0.42164,0.40272,0.38438,0.38894
surface_code_bZ_d3_r23_center_5_3,Z,3,23,5,3,50000,0.48822,0.42282,0.39952,0.3803,0.3675
surface_code_bZ_d3_r23_center_5_7,Z,3,23,5,7,50000,0.49728,0.4185,0.39022,0.3681,0.36128
surface_code_bZ_d3_r23_center_7_5,Z,3,23,7,5,50000,0.4965,0.41606,0.3911,0.37606,0.37232
surface_code_bZ_d3_r25_center_3_5,Z,3,25,3,5,50000,0.49434,0.43278,0.42138,0.40374,0.40844
surface_code_bZ_d3_r25_center_5_3,Z,3,25,5,3,50000,0.48892,0.43442,0.4088,0.39464,0.38874
surface_code_bZ_d3_r25_center_5_7,Z,3,25,5,7,50000,0.49578,0.43016,0.4022,0.38054,0.37466
surface_code_bZ_d3_r25_center_7_5,Z,3,25,7,5,50000,0.49666,0.42726,0.40422,0.3878,0.38006
surface_code_bZ_d5_r01_center_5_5,Z,5,1,5,5,50000,0.13848,0.00816,0.00816,0.00798,0.0077
surface_code_bZ_d5_r03_center_5_5,Z,5,3,5,5,50000,0.29164,0.07288,0.06518,0.0556,0.05278
surface_code_bZ_d5_r05_center_5_5,Z,5,5,5,5,50000,0.3799,0.14376,0.12516,0.10724,0.10216
surface_code_bZ_d5_r07_center_5_5,Z,5,7,5,5,50000,0.44278,0.19914,0.17424,0.15384,0.1438
surface_code_bZ_d5_r09_center_5_5,Z,5,9,5,5,50000,0.45994,0.24432,0.21268,0.18472,0.17838
surface_code_bZ_d5_r11_center_5_5,Z,5,11,5,5,50000,0.48004,0.2883,0.2526,0.22436,0.21728
surface_code_bZ_d5_r13_center_5_5,Z,5,13,5,5,50000,0.48442,0.32666,0.28862,0.25806,0.24716
surface_code_bZ_d5_r15_center_5_5,Z,5,15,5,5,50000,0.48906,0.35622,0.31806,0.28468,0.27424
surface_code_bZ_d5_r17_center_5_5,Z,5,17,5,5,50000,0.49478,0.379,0.34758,0.31204,0.30028
surface_code_bZ_d5_r19_center_5_5,Z,5,19,5,5,50000,0.49758,0.3972,0.36336,0.33472,0.32572
surface_code_bZ_d5_r21_center_5_5,Z,5,21,5,5,50000,0.50062,0.41534,0.38286,0.35324,0.34646
surface_code_bZ_d5_r23_center_5_5,Z,5,23,5,5,50000,0.49928,0.42984,0.39814,0.36814,0.36098
surface_code_bZ_d5_r25_center_5_5,Z,5,25,5,5,50000,0.50216,0.43858,0.41024,0.3845,0.37694
